{
    "setting": {},
    "condition": {
        "plugin": {
            "list": []
        },
        "game": {
            "list": []
        },
        "gamePlugin": {
            "list": []
        },
        "miniprogram": {
            "list": [
                {
                    "name": "exchangeTest",
                    "pathName": "pages/exchangeTest/exchangeTest",
                    "query": "",
                    "scene": null
                },
                {
                    "name": "",
                    "pathName": "pkgA/pages/booking/booking",
                    "query": "type=page&url=%252FpkgA%252Fpages%252Fbooking%252Fbooking",
                    "launchMode": "default",
                    "scene": null
                },
                {
                    "name": "",
                    "pathName": "pages/exchangeTest/exchangeTest",
                    "query": "",
                    "launchMode": "default",
                    "scene": null
                },
                {
                    "name": "",
                    "pathName": "pkgA/pages/addPet/addPet",
                    "query": "",
                    "launchMode": "default",
                    "scene": null
                },
                {
                    "name": "",
                    "pathName": "pkgA/pages/pet/pet",
                    "query": "type=page&url=%252FpkgA%252Fpages%252Fpet%252Fpet",
                    "launchMode": "default",
                    "scene": null
                },
                {
                    "name": "",
                    "pathName": "pkgA/pages/registration/registration",
                    "query": "medical_card='440184199506123691'",
                    "launchMode": "default",
                    "scene": null
                },
                {
                    "name": "",
                    "pathName": "pkgA/pages/stay/stay",
                    "query": "type=page&url=%252FpkgA%252Fpages%252Fstay%252Fstay",
                    "launchMode": "default",
                    "scene": null
                },
                {
                    "name": "",
                    "pathName": "pages/talk/talk",
                    "query": "",
                    "scene": null,
                    "launchMode": "default"
                }
            ]
        }
    }
}