{
    "description": "项目配置文件",
    "packOptions": {
        "ignore": []
    },
    "setting": {
        "urlCheck": false,
        "es6": true,
        "enhance": true,
        "postcss": true,
        "preloadBackgroundData": false,
        "minified": true,
        "newFeature": false,
        "coverView": true,
        "nodeModules": false,
        "autoAudits": false,
        "showShadowRootInWxmlPanel": true,
        "scopeDataCheck": false,
        "uglifyFileName": false,
        "checkInvalidKey": true,
        "checkSiteMap": true,
        "uploadWithSourceMap": true,
        "compileHotReLoad": false,
        "lazyloadPlaceholderEnable": false,
        "useMultiFrameRuntime": true,
        "useApiHook": true,
        "useApiHostProcess": true,
        "babelSetting": {
            "ignore": [],
            "disablePlugins": [],
            "outputPath": ""
        },
        "useIsolateContext": false,
        "userConfirmedBundleSwitch": false,
        "packNpmManually": true,
        "packNpmRelationList": [{
            "packageJsonPath": "./package.json",
            "miniprogramNpmDistDir": "./"
          }],
        "minifyWXSS": true,
        "disableUseStrict": false,
        "minifyWXML": true,
        "showES6CompileOption": false,
        "useCompilerPlugins": false,
        "ignoreUploadUnusedFiles": true
    },
    "compileType": "miniprogram",
    "libVersion": "2.22.1",
    "appid": "wxdaa7f90c39949b9a",
    "projectname": "%E5%AE%A0%E7%89%A9%E5%8C%BB%E9%99%A2",
    "debugOptions": {
        "hidedInDevtools": []
    },
    "scripts": {},
    "staticServerOptions": {
        "baseURL": "",
        "servePath": ""
    },
    "isGameTourist": false,
    "condition": {
        "search": {
            "list": []
        },
        "conversation": {
            "list": []
        },
        "game": {
            "list": []
        },
        "plugin": {
            "list": []
        },
        "gamePlugin": {
            "list": []
        },
        "miniprogram": {
            "list": []
        }
    }
}