<?xml version="1.0" encoding="UTF-8" ?>
<!DOCTYPE mapper PUBLIC "-//mybatis.org//DTD Mapper 3.0//EN" "http://mybatis.org/dtd/mybatis-3-mapper.dtd">
<mapper namespace="com.wetapp.petHospital.mapper.Medical_historyMapper">
    <resultMap id="BaseResultMap" type="com.wetapp.petHospital.domain.Medical_history">
        <id column="id" jdbcType="INTEGER" property="id"></id>
        <result column="doctor" jdbcType="VARCHAR" property="doctor"></result>
        <result column="date" jdbcType="VARCHAR" property="date"></result>
        <result column="pet" jdbcType="VARCHAR" property="pet"></result>
        <result column="petType" jdbcType="VARCHAR" property="petType"></result>
        <result column="introduction" jdbcType="VARCHAR" property="introduction"></result>
        <result column="medical_card" jdbcType="VARCHAR" property="medical_card"></result>
    </resultMap>
    <sql id="Base_Column_List">
        id,doctor,date,pet,petType,introduction,medical_card
    </sql>

    <insert id="insert"  parameterType="com.wetapp.petHospital.domain.Medical_history">
		insert into medical_history(doctor,date,pet,petType,introduction,medical_card) values(#{doctor},#{date},#{pet},#{petType},#{introduction},#{medical_card})
	</insert>

    <delete id="delete" parameterType="java.lang.String">
        delete from medical_history
        where Medical_card = #{Medical_card}
    </delete>

    <select id="find" resultMap="BaseResultMap" parameterType="java.lang.String">
        select
        <include refid="Base_Column_List"></include>
        from medical_history
        where Medical_card = #{Medical_card}
    </select>

    <select id="findAll" resultType="Medical_history">
        select * from medical_history
    </select>
</mapper>