<?xml version="1.0" encoding="UTF-8" ?>
<!DOCTYPE mapper PUBLIC "-//mybatis.org//DTD Mapper 3.0//EN" "http://mybatis.org/dtd/mybatis-3-mapper.dtd">
<mapper namespace="com.wetapp.petHospital.mapper.PetMapper">
    <resultMap id="BaseResultMap" type="com.wetapp.petHospital.domain.Pet">
        <id column="id" jdbcType="INTEGER" property="id"></id>
        <result column="name" jdbcType="VARCHAR" property="name"></result>
        <result column="petType" jdbcType="VARCHAR" property="petType"></result>
        <result column="avatar_url" jdbcType="VARCHAR" property="avatar_url"></result>
        <result column="medical_card" jdbcType="VARCHAR" property="medical_card"></result>
    </resultMap>
    <sql id="Base_Column_List">
        id,name,petType,avatar_url,medical_card
    </sql>

    <insert id="insert"  parameterType="com.wetapp.petHospital.domain.Pet">
		insert into pet(name,petType,avatar_url,medical_card) values(#{name},#{petType},#{avatar_url},#{medical_card})
	</insert>

    <update id="update" parameterType="com.wetapp.petHospital.domain.Pet">
        update pet
        <set>
            <if test="name != null">
                name = #{name},
            </if>
            <if test="petType != null">
                petType = #{petType},
            </if>
            <if test="avatar_url != null">
                avatar_url = #{avatar_url},
            </if>

        </set>
        where medical_card = #{medical_card}
    </update>

    <delete id="deleteByMedical_card" parameterType="java.lang.String">
        delete from pet
        where Medical_card = #{Medical_card}
    </delete>

    <delete id="delete" parameterType="java.lang.Integer">
        delete from pet
        where id = #{id}
    </delete>

    <select id="selectById" resultMap="BaseResultMap" parameterType="java.lang.String">
        select
        <include refid="Base_Column_List"></include>
        from pet
        where id = #{id}
    </select>

    <select id="selectByMedical_card" resultMap="BaseResultMap" parameterType="java.lang.String">
        select
        <include refid="Base_Column_List"></include>
        from pet
        where Medical_card = #{Medical_card}
    </select>

    <select id="findAll" resultType="Pet">
        select * from pet
    </select>
</mapper>