<?xml version="1.0" encoding="UTF-8" ?>
<!DOCTYPE mapper PUBLIC "-//mybatis.org//DTD Mapper 3.0//EN" "http://mybatis.org/dtd/mybatis-3-mapper.dtd">
<mapper namespace="com.wetapp.petHospital.mapper.RegistrationMapper">
    <resultMap id="BaseResultMap" type="com.wetapp.petHospital.domain.Registration">
        <id column="id" jdbcType="INTEGER" property="id"></id>
        <result column="petType" jdbcType="VARCHAR" property="petType"></result>
        <result column="doctor" jdbcType="VARCHAR" property="doctor"></result>
        <result column="date" jdbcType="VARCHAR" property="date"></result>
        <result column="introduction" jdbcType="VARCHAR" property="introduction"></result>
        <result column="medical_card" jdbcType="VARCHAR" property="medical_card"></result>
    </resultMap>
    <sql id="Base_Column_List">
        id,petType,doctor,date,introduction,medical_card
    </sql>

    <insert id="insert"  parameterType="com.wetapp.petHospital.domain.Registration">
		insert into registration(petType,doctor,date,introduction,medical_card) values(#{petType},#{doctor},#{date},#{introduction},#{medical_card})
	</insert>

    <delete id="delete" parameterType="java.lang.Integer">
        delete from registration
        where id = #{id}
    </delete>

    <delete id="deleteByMedical_card" parameterType="java.lang.String">
        delete from registration
        where Medical_card = #{Medical_card}
    </delete>

    <select id="find" resultMap="BaseResultMap" parameterType="java.lang.String">
        select
        <include refid="Base_Column_List"></include>
        from registration
        where Medical_card = #{Medical_card}
    </select>

    <select id="findAll" resultType="Pet">
        select * from registration
    </select>
</mapper>