<?xml version="1.0" encoding="UTF-8" ?>
<!DOCTYPE mapper PUBLIC "-//mybatis.org//DTD Mapper 3.0//EN" "http://mybatis.org/dtd/mybatis-3-mapper.dtd">
<mapper namespace="com.wetapp.petHospital.mapper.StayMapper">
    <resultMap id="BaseResultMap" type="com.wetapp.petHospital.domain.Stay">
        <id column="id" jdbcType="INTEGER" property="id"></id>
        <result column="pet" jdbcType="VARCHAR" property="pet"></result>
        <result column="petType" jdbcType="VARCHAR" property="petType"></result>
        <result column="avatar_url" jdbcType="VARCHAR" property="avatar_url"></result>
        <result column="stayType" jdbcType="VARCHAR" property="stayType"></result>
        <result column="medical_card" jdbcType="VARCHAR" property="medical_card"></result>
    </resultMap>
    <sql id="Base_Column_List">
        id,pet,petType,avatar_url,stayType,medical_card
    </sql>

    <insert id="insert"  parameterType="com.wetapp.petHospital.domain.Registration">
		insert into stay(pet,petType,avatar_url,stayType,medical_card) values(#{pet},#{petType},#{avatar_url},#{stayType},#{medical_card})
	</insert>

    <delete id="delete" parameterType="java.lang.String">
        delete from stay
        where Medical_card = #{Medical_card}
    </delete>

    <select id="find" resultMap="BaseResultMap" parameterType="java.lang.String">
        select
        <include refid="Base_Column_List"></include>
        from stay
        where Medical_card = #{Medical_card}
    </select>

    <select id="findAll" resultType="Registration">
        select * from stay
    </select>
</mapper>