<?xml version="1.0" encoding="UTF-8" ?>
<!DOCTYPE mapper PUBLIC "-//mybatis.org//DTD Mapper 3.0//EN" "http://mybatis.org/dtd/mybatis-3-mapper.dtd">
<mapper namespace="com.wetapp.petHospital.mapper.TalkMapper">
    <resultMap id="BaseResultMap" type="com.wetapp.petHospital.domain.Talk">
        <id column="id" jdbcType="INTEGER" property="id"></id>
        <result column="user_name" jdbcType="VARCHAR" property="user_name"></result>
        <result column="message" jdbcType="VARCHAR" property="message"></result>
        <result column="avatar_url" jdbcType="VARCHAR" property="avatar_url"></result>
        <result column="medical_card" jdbcType="VARCHAR" property="medical_card"></result>
    </resultMap>
    <sql id="Base_Column_List">
        id,user_name,message,avatar_url,medical_card
    </sql>

    <insert id="insert"  parameterType="com.wetapp.petHospital.domain.Talk">
		insert into talk(user_name,message,avatar_url,medical_card) values(#{user_name},#{message},#{avatar_url},#{medical_card})
	</insert>


    <delete id="delete" parameterType="java.lang.String">
        delete from talk
        where Medical_card = #{Medical_card}
    </delete>

    <select id="selectByMedical_card" resultMap="BaseResultMap" parameterType="java.lang.String">
        select
        <include refid="Base_Column_List"></include>
        from talk
        where Medical_card = #{Medical_card}
    </select>

    <select id="findAll" resultType="talk">
        select * from talk
    </select>
</mapper>