<?xml version="1.0" encoding="UTF-8" ?>
<!DOCTYPE mapper PUBLIC "-//mybatis.org//DTD Mapper 3.0//EN" "http://mybatis.org/dtd/mybatis-3-mapper.dtd">
<mapper namespace="com.wetapp.petHospital.mapper.Wx_userMapper">
    <resultMap id="BaseResultMap" type="com.wetapp.petHospital.domain.Wx_user">
        <id column="id" jdbcType="INTEGER" property="id"></id>
        <result column="wx_nickname" jdbcType="VARCHAR" property="wx_nickname"></result>
        <result column="open_id" jdbcType="VARCHAR" property="open_id"></result>
        <result column="avatar_url" jdbcType="VARCHAR" property="avatar_url"></result>
        <result column="medical_card" jdbcType="VARCHAR" property="medical_card"></result>
    </resultMap>
    <sql id="Base_Column_List">
        id,wx_nickname,open_id,avatar_url,medical_card
    </sql>

    <insert id="insert"  parameterType="com.wetapp.petHospital.domain.Wx_user">
		insert into wx_user(wx_nickname,open_id,avatar_url,medical_card) values(#{wx_nickname},#{open_id},#{avatar_url},#{medical_card})
	</insert>

    <update id="update" parameterType="com.wetapp.petHospital.domain.Wx_user">
        update wx_user
        <set>
            <if test="wx_nickname != null">
                wx_nickname = #{wx_nickname},
            </if>
            <if test="avatar_url != null">
                avatar_url = #{avatar_url},
            </if>

        </set>
        where medical_card = #{medical_card}
    </update>

    <delete id="delete" parameterType="java.lang.String">
        delete from wx_user
        where Medical_card = #{Medical_card}
    </delete>

    <select id="selectByOpen_id" resultMap="BaseResultMap" parameterType="java.lang.String">
        select
        <include refid="Base_Column_List"></include>
        from wx_user
        where open_id = #{open_id}
    </select>

    <select id="getMedical_card" resultType="java.lang.String" parameterType="java.lang.String">
        select medical_card from wx_user where open_id = #{open_id}
    </select>

    <select id="verifyOpen_id" resultType="java.lang.Integer" parameterType="java.lang.String">
        select count(*) from wx_user where open_id = #{open_id}
    </select>

    <select id="selectByMedical_card" resultMap="BaseResultMap" parameterType="java.lang.String">
        select
        <include refid="Base_Column_List"></include>
        from wx_user
        where Medical_card = #{Medical_card}
    </select>

    <select id="findAll" resultType="wx_user">
        select * from wx_user
    </select>
</mapper>